{
  "project_info": {
    "project_number": "778728281379",
    "firebase_url": "https://citytour-ca745.firebaseio.com",
    "project_id": "citytour-ca745",
    "storage_bucket": "citytour-ca745.appspot.com"
  },
  "client": [
    {
      "client_info": {
        "mobilesdk_app_id": "1:778728281379:android:998242b5d682f68f36e896",
        "android_client_info": {
          "package_name": "com.mobiusdonut.citytour"
        }
      },
      "oauth_client": [
        {
          "client_id": "778728281379-tp23r55lehp538qfbjjnnaauuts2cq0o.apps.googleusercontent.com",
          "client_type": 1,
          "android_info": {
            "package_name": "com.mobiusdonut.citytour",
            "certificate_hash": "19ace9b2ef309b3cc268446ca4484166cd37b704"
          }
        },
        {
          "client_id": "778728281379-1eg4f5hgg9ej4k0dte7mkm0n2ek7edi6.apps.googleusercontent.com",
          "client_type": 3
        }
      ],
      "api_key": [
        {
          "current_key": "AIzaSyDs33Ga0ORD212xeammPbkJLEhtX6vJMvs"
        }
      ],
      "services": {
        "appinvite_service": {
          "other_platform_oauth_client": [
            {
              "client_id": "778728281379-1eg4f5hgg9ej4k0dte7mkm0n2ek7edi6.apps.googleusercontent.com",
              "client_type": 3
            }
          ]
        }
      }
    }
  ],
  "configuration_version": "1"
}